ResClust,variable,value
1,median_attnt,16.074380165289256
2,median_attnt,337.0855855855856
3,median_attnt,194.71830985915494
4,median_attnt,117.06875
