,cly_pc_sav,crp_pc_sse,ele_mt_sav,for_pc_sse,gwt_cm_sav,inu_pc_ult,ire_pc_sse,kar_pc_sse,lka_pc_use,lkv_mc_usu,prm_pc_sse,pst_pc_sse,rev_mc_usu,sgr_dk_sav,slp_dg_sav,slt_pc_sav,snd_pc_sav,urb_pc_sse,ws_area
NSE,0.5470115677754768,0.38015426176611405,0.6363958237700749,0.6858745279457585,0.6245632914091226,0.6543819623794278,0.5567106820304669,0.7084669588077229,0.6863065615796923,0.5727464960416527,0.6352450889646873,0.6103727325692727,0.6790001362184334,0.7108114975274226,0.6957422119794363,0.7011140385335509,0.43312769569770365,-2.1203864009030027,0.5104783065103206
